<?xml version="1.0" encoding="ISO-8859-1" ?>
<alleles xmlns="http://hla.alleles.org/xml" xmlns:xs="http://www.w3.org/2001/XMLSchema" xs:noNamespaceSchemaLocation="http://hla.alleles.org/xml/hla.xsd">
  <allele id="HLA80001" name="HLA-A*99:99:01:01" expandedname="A*99:99:01:01" dateassigned="2019-08-30">
    <releaseversions firstreleased="1.0.0" lastupdated="1.0.0" currentrelease="3.99.1" releasestatus="Sequence unchanged" confirmed="Confirmed"/>
    <locus genesystem="HLA" locusname="HLA-A" hugogenename="HLA-A" class="I" />
    <cwd_catalogue cwd_status="Common" cwd_version="2.0.0" cwd_reference="http://doi.org/10.1111/tan.12093"/>
    <hla_g_group status="A*01:01:01G"/>
    <hla_p_group status="A*01:01P"/>
    <citations>
      <citation pubmed="3375250" authors="Parham P, Lomen CE, Lawlor DA, Ways JP, Holmes N, Coppin HL, Salter RD, Wan AM, Ennis PD" title="Nature of polymorphism in HLA-A, -B, and -C molecules" location="Proc Natl Acad Sci U S A 85:4005-9 (1988)." />
      <citation pubmed="2251137" authors="Girdlestone J" title="Nucleotide sequence of an HLA-A1 gene" location="Nucleic Acids Res 18:6701-6701 (1990)." />
      <citation pubmed="9349617" authors="Laforet M, Froelich N, Parissiadis A, Pfeiffer B, Schell A, Faller B, Woehl-Jaegle ML, Cazenave JP, Tongio MM" title="A nucleotide insertion in exon 4 is responsible for the absence of expression of an HLA-A*01 allele" location="Tissue Antigens 50:347-50 (1997)." />
      <citation pubmed="15140828" authors="Stewart CA, Horton R, Allcock RJ, Ashurst JL, Atrazhev AM, Coggill P, Dunham I, Forbes S, Halls K, Howson JM, Humphray SJ, Hunt S, Mungall AJ, Osoegawa K, Palmer S, Roberts AN, Rogers J, Sims S, Wang Y, Wilming LG, Elliott JF, de Jong PJ, Sawcer S, Todd JA, Trowsdale J, Beck S" title="Complete MHC haplotype sequencing for common disease gene mapping" location="Genome Res 14:1176-87 (2004)." />
      <citation pubmed="18193213" authors="Horton R, Gibson R, Coggill P, Miretti M, Allcok RJ, Almeida J, Forbes S, Gilbert JGR, Halls K, Harrow JL, Hart E, Howe K, Jackson DK, Palmer S, Roberts AN, Sims S, Stewart CA, Traherne JA, Trevanion S, Wilming L, Rogers J, de Jong PJ, Elliott JF, Sawcer S, Todd JA, Trowsdale J, Beck S" title="Variation analysis and gene annotation of eight MHC haplotypes: The MHC Haplotype Project" location="Immunogenetics 60:1-18 (2008)." />
      <citation pubmed="19735485" authors="Zhu F, He Y, Zhang W, He J, He J, Xu X, Yan L" title="Analysis of the complete genomic sequence of HLA-A alleles in the Chinese Han population." location="Int J Immunogenet 36:351-360 (2009)." />
      <citation pubmed="24673518" authors="Lu L, Xu YP" title="Genomic full-length sequence of two HLA-A alleles, A*01:01:01:01 and A*01:03, identified by cloning and sequencing." location="Tissue Antigens 83:423-424 (2014)." />
    </citations>
    <sourcexrefs>
      <xref acc="AJ278305" pid="CAB93537.1" />
      <xref acc="AL645935" />
      <xref acc="CR759913" pid="CAQ08202.1" />
      <xref acc="EU445470" pid="ACA34990.1" />
      <xref acc="GU812295" pid="ADE80886.1" />
      <xref acc="HG794373" />
      <xref acc="M24043" pid="AAA59652.1" />
      <xref acc="X55710" pid="CAA39243.1" />
      <xref acc="Z93949" pid="CAB07989.1" />
    </sourcexrefs>
    <sourcematerial>
      <species latinname="Homo sapiens" commonname="Human" ncbitaxon="9606" />
      <ethnicity><sample_ethnicity>Oriental</sample_ethnicity>
      <sample_ethnicity>Caucasoid</sample_ethnicity></ethnicity>
      <samples>
        <sample name="7550800303" />
        <sample name="APD" />
        <sample name="B4702" />
        <sample name="COX" />
        <sample name="LCL721" />
        <sample name="MOLT-4" />
        <sample name="PP" />
      </samples>
    </sourcematerial>
    <sequence />
  </allele>
  <allele id="HLA80003" name="HLA-A*99:99:02:01" expandedname="A*99:99:02:01" dateassigned="2019-08-30">
    <releaseversions firstreleased="1.0.0" lastupdated="1.0.0" currentrelease="3.99.1" releasestatus="Sequence unchanged" confirmed="Confirmed"/>
    <locus genesystem="HLA" locusname="HLA-A" hugogenename="HLA-A" class="I" />
    <cwd_catalogue cwd_status="Common" cwd_version="2.0.0" cwd_reference="http://doi.org/10.1111/tan.12093"/>
    <hla_g_group status="A*01:01:01G"/>
    <hla_p_group status="A*01:01P"/>
    <citations>
      <citation pubmed="3375250" authors="Parham P, Lomen CE, Lawlor DA, Ways JP, Holmes N, Coppin HL, Salter RD, Wan AM, Ennis PD" title="Nature of polymorphism in HLA-A, -B, and -C molecules" location="Proc Natl Acad Sci U S A 85:4005-9 (1988)." />
      <citation pubmed="2251137" authors="Girdlestone J" title="Nucleotide sequence of an HLA-A1 gene" location="Nucleic Acids Res 18:6701-6701 (1990)." />
      <citation pubmed="9349617" authors="Laforet M, Froelich N, Parissiadis A, Pfeiffer B, Schell A, Faller B, Woehl-Jaegle ML, Cazenave JP, Tongio MM" title="A nucleotide insertion in exon 4 is responsible for the absence of expression of an HLA-A*01 allele" location="Tissue Antigens 50:347-50 (1997)." />
      <citation pubmed="15140828" authors="Stewart CA, Horton R, Allcock RJ, Ashurst JL, Atrazhev AM, Coggill P, Dunham I, Forbes S, Halls K, Howson JM, Humphray SJ, Hunt S, Mungall AJ, Osoegawa K, Palmer S, Roberts AN, Rogers J, Sims S, Wang Y, Wilming LG, Elliott JF, de Jong PJ, Sawcer S, Todd JA, Trowsdale J, Beck S" title="Complete MHC haplotype sequencing for common disease gene mapping" location="Genome Res 14:1176-87 (2004)." />
      <citation pubmed="18193213" authors="Horton R, Gibson R, Coggill P, Miretti M, Allcok RJ, Almeida J, Forbes S, Gilbert JGR, Halls K, Harrow JL, Hart E, Howe K, Jackson DK, Palmer S, Roberts AN, Sims S, Stewart CA, Traherne JA, Trevanion S, Wilming L, Rogers J, de Jong PJ, Elliott JF, Sawcer S, Todd JA, Trowsdale J, Beck S" title="Variation analysis and gene annotation of eight MHC haplotypes: The MHC Haplotype Project" location="Immunogenetics 60:1-18 (2008)." />
      <citation pubmed="19735485" authors="Zhu F, He Y, Zhang W, He J, He J, Xu X, Yan L" title="Analysis of the complete genomic sequence of HLA-A alleles in the Chinese Han population." location="Int J Immunogenet 36:351-360 (2009)." />
      <citation pubmed="24673518" authors="Lu L, Xu YP" title="Genomic full-length sequence of two HLA-A alleles, A*01:01:01:01 and A*01:03, identified by cloning and sequencing." location="Tissue Antigens 83:423-424 (2014)." />
    </citations>
    <sourcexrefs>
      <xref acc="AJ278305" pid="CAB93537.1" />
      <xref acc="AL645935" />
      <xref acc="CR759913" pid="CAQ08202.1" />
      <xref acc="EU445470" pid="ACA34990.1" />
      <xref acc="GU812295" pid="ADE80886.1" />
      <xref acc="HG794373" />
      <xref acc="M24043" pid="AAA59652.1" />
      <xref acc="X55710" pid="CAA39243.1" />
      <xref acc="Z93949" pid="CAB07989.1" />
    </sourcexrefs>
    <sourcematerial>
      <species latinname="Homo sapiens" commonname="Human" ncbitaxon="9606" />
      <ethnicity><sample_ethnicity>Oriental</sample_ethnicity>
      <sample_ethnicity>Caucasoid</sample_ethnicity></ethnicity>
      <samples>
        <sample name="7550800303" />
        <sample name="APD" />
        <sample name="B4702" />
        <sample name="COX" />
        <sample name="LCL721" />
        <sample name="MOLT-4" />
        <sample name="PP" />
      </samples>
    </sourcematerial>
    <sequence />
  </allele>
  <allele id="HLA80005" name="HLA-A*99:99:03:01" expandedname="A*99:99:03:01" dateassigned="2019-08-30">
    <releaseversions firstreleased="1.0.0" lastupdated="1.0.0" currentrelease="3.99.1" releasestatus="Sequence unchanged" confirmed="Confirmed"/>
    <locus genesystem="HLA" locusname="HLA-A" hugogenename="HLA-A" class="I" />
    <cwd_catalogue cwd_status="Common" cwd_version="2.0.0" cwd_reference="http://doi.org/10.1111/tan.12093"/>
    <hla_g_group status="A*01:01:01G"/>
    <hla_p_group status="A*01:01P"/>
    <citations>
      <citation pubmed="3375250" authors="Parham P, Lomen CE, Lawlor DA, Ways JP, Holmes N, Coppin HL, Salter RD, Wan AM, Ennis PD" title="Nature of polymorphism in HLA-A, -B, and -C molecules" location="Proc Natl Acad Sci U S A 85:4005-9 (1988)." />
      <citation pubmed="2251137" authors="Girdlestone J" title="Nucleotide sequence of an HLA-A1 gene" location="Nucleic Acids Res 18:6701-6701 (1990)." />
      <citation pubmed="9349617" authors="Laforet M, Froelich N, Parissiadis A, Pfeiffer B, Schell A, Faller B, Woehl-Jaegle ML, Cazenave JP, Tongio MM" title="A nucleotide insertion in exon 4 is responsible for the absence of expression of an HLA-A*01 allele" location="Tissue Antigens 50:347-50 (1997)." />
      <citation pubmed="15140828" authors="Stewart CA, Horton R, Allcock RJ, Ashurst JL, Atrazhev AM, Coggill P, Dunham I, Forbes S, Halls K, Howson JM, Humphray SJ, Hunt S, Mungall AJ, Osoegawa K, Palmer S, Roberts AN, Rogers J, Sims S, Wang Y, Wilming LG, Elliott JF, de Jong PJ, Sawcer S, Todd JA, Trowsdale J, Beck S" title="Complete MHC haplotype sequencing for common disease gene mapping" location="Genome Res 14:1176-87 (2004)." />
      <citation pubmed="18193213" authors="Horton R, Gibson R, Coggill P, Miretti M, Allcok RJ, Almeida J, Forbes S, Gilbert JGR, Halls K, Harrow JL, Hart E, Howe K, Jackson DK, Palmer S, Roberts AN, Sims S, Stewart CA, Traherne JA, Trevanion S, Wilming L, Rogers J, de Jong PJ, Elliott JF, Sawcer S, Todd JA, Trowsdale J, Beck S" title="Variation analysis and gene annotation of eight MHC haplotypes: The MHC Haplotype Project" location="Immunogenetics 60:1-18 (2008)." />
      <citation pubmed="19735485" authors="Zhu F, He Y, Zhang W, He J, He J, Xu X, Yan L" title="Analysis of the complete genomic sequence of HLA-A alleles in the Chinese Han population." location="Int J Immunogenet 36:351-360 (2009)." />
      <citation pubmed="24673518" authors="Lu L, Xu YP" title="Genomic full-length sequence of two HLA-A alleles, A*01:01:01:01 and A*01:03, identified by cloning and sequencing." location="Tissue Antigens 83:423-424 (2014)." />
    </citations>
    <sourcexrefs>
      <xref acc="AJ278305" pid="CAB93537.1" />
      <xref acc="AL645935" />
      <xref acc="CR759913" pid="CAQ08202.1" />
      <xref acc="EU445470" pid="ACA34990.1" />
      <xref acc="GU812295" pid="ADE80886.1" />
      <xref acc="HG794373" />
      <xref acc="M24043" pid="AAA59652.1" />
      <xref acc="X55710" pid="CAA39243.1" />
      <xref acc="Z93949" pid="CAB07989.1" />
    </sourcexrefs>
    <sourcematerial>
      <species latinname="Homo sapiens" commonname="Human" ncbitaxon="9606" />
      <ethnicity><sample_ethnicity>Oriental</sample_ethnicity>
      <sample_ethnicity>Caucasoid</sample_ethnicity></ethnicity>
      <samples>
        <sample name="7550800303" />
        <sample name="APD" />
        <sample name="B4702" />
        <sample name="COX" />
        <sample name="LCL721" />
        <sample name="MOLT-4" />
        <sample name="PP" />
      </samples>
    </sourcematerial>
    <sequence />
  </allele>
  <allele id="HLA80007" name="HLA-A*99:99:04:01" expandedname="A*99:99:04:01" dateassigned="2019-08-30">
    <releaseversions firstreleased="1.0.0" lastupdated="1.0.0" currentrelease="3.99.1" releasestatus="Sequence unchanged" confirmed="Confirmed"/>
    <locus genesystem="HLA" locusname="HLA-A" hugogenename="HLA-A" class="I" />
    <cwd_catalogue cwd_status="Common" cwd_version="2.0.0" cwd_reference="http://doi.org/10.1111/tan.12093"/>
    <hla_g_group status="A*01:01:01G"/>
    <hla_p_group status="A*01:01P"/>
    <citations>
      <citation pubmed="3375250" authors="Parham P, Lomen CE, Lawlor DA, Ways JP, Holmes N, Coppin HL, Salter RD, Wan AM, Ennis PD" title="Nature of polymorphism in HLA-A, -B, and -C molecules" location="Proc Natl Acad Sci U S A 85:4005-9 (1988)." />
      <citation pubmed="2251137" authors="Girdlestone J" title="Nucleotide sequence of an HLA-A1 gene" location="Nucleic Acids Res 18:6701-6701 (1990)." />
      <citation pubmed="9349617" authors="Laforet M, Froelich N, Parissiadis A, Pfeiffer B, Schell A, Faller B, Woehl-Jaegle ML, Cazenave JP, Tongio MM" title="A nucleotide insertion in exon 4 is responsible for the absence of expression of an HLA-A*01 allele" location="Tissue Antigens 50:347-50 (1997)." />
      <citation pubmed="15140828" authors="Stewart CA, Horton R, Allcock RJ, Ashurst JL, Atrazhev AM, Coggill P, Dunham I, Forbes S, Halls K, Howson JM, Humphray SJ, Hunt S, Mungall AJ, Osoegawa K, Palmer S, Roberts AN, Rogers J, Sims S, Wang Y, Wilming LG, Elliott JF, de Jong PJ, Sawcer S, Todd JA, Trowsdale J, Beck S" title="Complete MHC haplotype sequencing for common disease gene mapping" location="Genome Res 14:1176-87 (2004)." />
      <citation pubmed="18193213" authors="Horton R, Gibson R, Coggill P, Miretti M, Allcok RJ, Almeida J, Forbes S, Gilbert JGR, Halls K, Harrow JL, Hart E, Howe K, Jackson DK, Palmer S, Roberts AN, Sims S, Stewart CA, Traherne JA, Trevanion S, Wilming L, Rogers J, de Jong PJ, Elliott JF, Sawcer S, Todd JA, Trowsdale J, Beck S" title="Variation analysis and gene annotation of eight MHC haplotypes: The MHC Haplotype Project" location="Immunogenetics 60:1-18 (2008)." />
      <citation pubmed="19735485" authors="Zhu F, He Y, Zhang W, He J, He J, Xu X, Yan L" title="Analysis of the complete genomic sequence of HLA-A alleles in the Chinese Han population." location="Int J Immunogenet 36:351-360 (2009)." />
      <citation pubmed="24673518" authors="Lu L, Xu YP" title="Genomic full-length sequence of two HLA-A alleles, A*01:01:01:01 and A*01:03, identified by cloning and sequencing." location="Tissue Antigens 83:423-424 (2014)." />
    </citations>
    <sourcexrefs>
      <xref acc="AJ278305" pid="CAB93537.1" />
      <xref acc="AL645935" />
      <xref acc="CR759913" pid="CAQ08202.1" />
      <xref acc="EU445470" pid="ACA34990.1" />
      <xref acc="GU812295" pid="ADE80886.1" />
      <xref acc="HG794373" />
      <xref acc="M24043" pid="AAA59652.1" />
      <xref acc="X55710" pid="CAA39243.1" />
      <xref acc="Z93949" pid="CAB07989.1" />
    </sourcexrefs>
    <sourcematerial>
      <species latinname="Homo sapiens" commonname="Human" ncbitaxon="9606" />
      <ethnicity><sample_ethnicity>Oriental</sample_ethnicity>
      <sample_ethnicity>Caucasoid</sample_ethnicity></ethnicity>
      <samples>
        <sample name="7550800303" />
        <sample name="APD" />
        <sample name="B4702" />
        <sample name="COX" />
        <sample name="LCL721" />
        <sample name="MOLT-4" />
        <sample name="PP" />
      </samples>
    </sourcematerial>
    <sequence />
  </allele>
  <allele id="HLA80009" name="HLA-A*99:99:05:01N" expandedname="A*99:99:05:01N" dateassigned="2019-08-30">
    <releaseversions firstreleased="1.0.0" lastupdated="1.0.0" currentrelease="3.99.1" releasestatus="Sequence unchanged" confirmed="Confirmed"/>
    <locus genesystem="HLA" locusname="HLA-A" hugogenename="HLA-A" class="I" />
    <cwd_catalogue cwd_status="Common" cwd_version="2.0.0" cwd_reference="http://doi.org/10.1111/tan.12093"/>
    <hla_g_group status="A*01:01:01G"/>
    <hla_p_group status="A*01:01P"/>
    <citations>
      <citation pubmed="3375250" authors="Parham P, Lomen CE, Lawlor DA, Ways JP, Holmes N, Coppin HL, Salter RD, Wan AM, Ennis PD" title="Nature of polymorphism in HLA-A, -B, and -C molecules" location="Proc Natl Acad Sci U S A 85:4005-9 (1988)." />
      <citation pubmed="2251137" authors="Girdlestone J" title="Nucleotide sequence of an HLA-A1 gene" location="Nucleic Acids Res 18:6701-6701 (1990)." />
      <citation pubmed="9349617" authors="Laforet M, Froelich N, Parissiadis A, Pfeiffer B, Schell A, Faller B, Woehl-Jaegle ML, Cazenave JP, Tongio MM" title="A nucleotide insertion in exon 4 is responsible for the absence of expression of an HLA-A*01 allele" location="Tissue Antigens 50:347-50 (1997)." />
      <citation pubmed="15140828" authors="Stewart CA, Horton R, Allcock RJ, Ashurst JL, Atrazhev AM, Coggill P, Dunham I, Forbes S, Halls K, Howson JM, Humphray SJ, Hunt S, Mungall AJ, Osoegawa K, Palmer S, Roberts AN, Rogers J, Sims S, Wang Y, Wilming LG, Elliott JF, de Jong PJ, Sawcer S, Todd JA, Trowsdale J, Beck S" title="Complete MHC haplotype sequencing for common disease gene mapping" location="Genome Res 14:1176-87 (2004)." />
      <citation pubmed="18193213" authors="Horton R, Gibson R, Coggill P, Miretti M, Allcok RJ, Almeida J, Forbes S, Gilbert JGR, Halls K, Harrow JL, Hart E, Howe K, Jackson DK, Palmer S, Roberts AN, Sims S, Stewart CA, Traherne JA, Trevanion S, Wilming L, Rogers J, de Jong PJ, Elliott JF, Sawcer S, Todd JA, Trowsdale J, Beck S" title="Variation analysis and gene annotation of eight MHC haplotypes: The MHC Haplotype Project" location="Immunogenetics 60:1-18 (2008)." />
      <citation pubmed="19735485" authors="Zhu F, He Y, Zhang W, He J, He J, Xu X, Yan L" title="Analysis of the complete genomic sequence of HLA-A alleles in the Chinese Han population." location="Int J Immunogenet 36:351-360 (2009)." />
      <citation pubmed="24673518" authors="Lu L, Xu YP" title="Genomic full-length sequence of two HLA-A alleles, A*01:01:01:01 and A*01:03, identified by cloning and sequencing." location="Tissue Antigens 83:423-424 (2014)." />
    </citations>
    <sourcexrefs>
      <xref acc="AJ278305" pid="CAB93537.1" />
      <xref acc="AL645935" />
      <xref acc="CR759913" pid="CAQ08202.1" />
      <xref acc="EU445470" pid="ACA34990.1" />
      <xref acc="GU812295" pid="ADE80886.1" />
      <xref acc="HG794373" />
      <xref acc="M24043" pid="AAA59652.1" />
      <xref acc="X55710" pid="CAA39243.1" />
      <xref acc="Z93949" pid="CAB07989.1" />
    </sourcexrefs>
    <sourcematerial>
      <species latinname="Homo sapiens" commonname="Human" ncbitaxon="9606" />
      <ethnicity><sample_ethnicity>Oriental</sample_ethnicity>
      <sample_ethnicity>Caucasoid</sample_ethnicity></ethnicity>
      <samples>
        <sample name="7550800303" />
        <sample name="APD" />
        <sample name="B4702" />
        <sample name="COX" />
        <sample name="LCL721" />
        <sample name="MOLT-4" />
        <sample name="PP" />
      </samples>
    </sourcematerial>
    <sequence />
  </allele>
  <allele id="HLA80011" name="HLA-A*99:99:06:01N" expandedname="A*99:99:06:01N" dateassigned="2019-08-30">
    <releaseversions firstreleased="1.0.0" lastupdated="1.0.0" currentrelease="3.99.1" releasestatus="Sequence unchanged" confirmed="Confirmed"/>
    <locus genesystem="HLA" locusname="HLA-A" hugogenename="HLA-A" class="I" />
    <cwd_catalogue cwd_status="Common" cwd_version="2.0.0" cwd_reference="http://doi.org/10.1111/tan.12093"/>
    <hla_g_group status="A*01:01:01G"/>
    <hla_p_group status="A*01:01P"/>
    <citations>
      <citation pubmed="3375250" authors="Parham P, Lomen CE, Lawlor DA, Ways JP, Holmes N, Coppin HL, Salter RD, Wan AM, Ennis PD" title="Nature of polymorphism in HLA-A, -B, and -C molecules" location="Proc Natl Acad Sci U S A 85:4005-9 (1988)." />
      <citation pubmed="2251137" authors="Girdlestone J" title="Nucleotide sequence of an HLA-A1 gene" location="Nucleic Acids Res 18:6701-6701 (1990)." />
      <citation pubmed="9349617" authors="Laforet M, Froelich N, Parissiadis A, Pfeiffer B, Schell A, Faller B, Woehl-Jaegle ML, Cazenave JP, Tongio MM" title="A nucleotide insertion in exon 4 is responsible for the absence of expression of an HLA-A*01 allele" location="Tissue Antigens 50:347-50 (1997)." />
      <citation pubmed="15140828" authors="Stewart CA, Horton R, Allcock RJ, Ashurst JL, Atrazhev AM, Coggill P, Dunham I, Forbes S, Halls K, Howson JM, Humphray SJ, Hunt S, Mungall AJ, Osoegawa K, Palmer S, Roberts AN, Rogers J, Sims S, Wang Y, Wilming LG, Elliott JF, de Jong PJ, Sawcer S, Todd JA, Trowsdale J, Beck S" title="Complete MHC haplotype sequencing for common disease gene mapping" location="Genome Res 14:1176-87 (2004)." />
      <citation pubmed="18193213" authors="Horton R, Gibson R, Coggill P, Miretti M, Allcok RJ, Almeida J, Forbes S, Gilbert JGR, Halls K, Harrow JL, Hart E, Howe K, Jackson DK, Palmer S, Roberts AN, Sims S, Stewart CA, Traherne JA, Trevanion S, Wilming L, Rogers J, de Jong PJ, Elliott JF, Sawcer S, Todd JA, Trowsdale J, Beck S" title="Variation analysis and gene annotation of eight MHC haplotypes: The MHC Haplotype Project" location="Immunogenetics 60:1-18 (2008)." />
      <citation pubmed="19735485" authors="Zhu F, He Y, Zhang W, He J, He J, Xu X, Yan L" title="Analysis of the complete genomic sequence of HLA-A alleles in the Chinese Han population." location="Int J Immunogenet 36:351-360 (2009)." />
      <citation pubmed="24673518" authors="Lu L, Xu YP" title="Genomic full-length sequence of two HLA-A alleles, A*01:01:01:01 and A*01:03, identified by cloning and sequencing." location="Tissue Antigens 83:423-424 (2014)." />
    </citations>
    <sourcexrefs>
      <xref acc="AJ278305" pid="CAB93537.1" />
      <xref acc="AL645935" />
      <xref acc="CR759913" pid="CAQ08202.1" />
      <xref acc="EU445470" pid="ACA34990.1" />
      <xref acc="GU812295" pid="ADE80886.1" />
      <xref acc="HG794373" />
      <xref acc="M24043" pid="AAA59652.1" />
      <xref acc="X55710" pid="CAA39243.1" />
      <xref acc="Z93949" pid="CAB07989.1" />
    </sourcexrefs>
    <sourcematerial>
      <species latinname="Homo sapiens" commonname="Human" ncbitaxon="9606" />
      <ethnicity><sample_ethnicity>Oriental</sample_ethnicity>
      <sample_ethnicity>Caucasoid</sample_ethnicity></ethnicity>
      <samples>
        <sample name="7550800303" />
        <sample name="APD" />
        <sample name="B4702" />
        <sample name="COX" />
        <sample name="LCL721" />
        <sample name="MOLT-4" />
        <sample name="PP" />
      </samples>
    </sourcematerial>
    <sequence />
  </allele>
  <allele id="HLA80013" name="HLA-A*99:99:07:01" expandedname="A*99:99:07:01" dateassigned="2019-08-30">
    <releaseversions firstreleased="1.0.0" lastupdated="1.0.0" currentrelease="3.99.1" releasestatus="Sequence unchanged" confirmed="Confirmed"/>
    <locus genesystem="HLA" locusname="HLA-A" hugogenename="HLA-A" class="I" />
    <cwd_catalogue cwd_status="Common" cwd_version="2.0.0" cwd_reference="http://doi.org/10.1111/tan.12093"/>
    <hla_g_group status="A*01:01:01G"/>
    <hla_p_group status="A*01:01P"/>
    <citations>
      <citation pubmed="3375250" authors="Parham P, Lomen CE, Lawlor DA, Ways JP, Holmes N, Coppin HL, Salter RD, Wan AM, Ennis PD" title="Nature of polymorphism in HLA-A, -B, and -C molecules" location="Proc Natl Acad Sci U S A 85:4005-9 (1988)." />
      <citation pubmed="2251137" authors="Girdlestone J" title="Nucleotide sequence of an HLA-A1 gene" location="Nucleic Acids Res 18:6701-6701 (1990)." />
      <citation pubmed="9349617" authors="Laforet M, Froelich N, Parissiadis A, Pfeiffer B, Schell A, Faller B, Woehl-Jaegle ML, Cazenave JP, Tongio MM" title="A nucleotide insertion in exon 4 is responsible for the absence of expression of an HLA-A*01 allele" location="Tissue Antigens 50:347-50 (1997)." />
      <citation pubmed="15140828" authors="Stewart CA, Horton R, Allcock RJ, Ashurst JL, Atrazhev AM, Coggill P, Dunham I, Forbes S, Halls K, Howson JM, Humphray SJ, Hunt S, Mungall AJ, Osoegawa K, Palmer S, Roberts AN, Rogers J, Sims S, Wang Y, Wilming LG, Elliott JF, de Jong PJ, Sawcer S, Todd JA, Trowsdale J, Beck S" title="Complete MHC haplotype sequencing for common disease gene mapping" location="Genome Res 14:1176-87 (2004)." />
      <citation pubmed="18193213" authors="Horton R, Gibson R, Coggill P, Miretti M, Allcok RJ, Almeida J, Forbes S, Gilbert JGR, Halls K, Harrow JL, Hart E, Howe K, Jackson DK, Palmer S, Roberts AN, Sims S, Stewart CA, Traherne JA, Trevanion S, Wilming L, Rogers J, de Jong PJ, Elliott JF, Sawcer S, Todd JA, Trowsdale J, Beck S" title="Variation analysis and gene annotation of eight MHC haplotypes: The MHC Haplotype Project" location="Immunogenetics 60:1-18 (2008)." />
      <citation pubmed="19735485" authors="Zhu F, He Y, Zhang W, He J, He J, Xu X, Yan L" title="Analysis of the complete genomic sequence of HLA-A alleles in the Chinese Han population." location="Int J Immunogenet 36:351-360 (2009)." />
      <citation pubmed="24673518" authors="Lu L, Xu YP" title="Genomic full-length sequence of two HLA-A alleles, A*01:01:01:01 and A*01:03, identified by cloning and sequencing." location="Tissue Antigens 83:423-424 (2014)." />
    </citations>
    <sourcexrefs>
      <xref acc="AJ278305" pid="CAB93537.1" />
      <xref acc="AL645935" />
      <xref acc="CR759913" pid="CAQ08202.1" />
      <xref acc="EU445470" pid="ACA34990.1" />
      <xref acc="GU812295" pid="ADE80886.1" />
      <xref acc="HG794373" />
      <xref acc="M24043" pid="AAA59652.1" />
      <xref acc="X55710" pid="CAA39243.1" />
      <xref acc="Z93949" pid="CAB07989.1" />
    </sourcexrefs>
    <sourcematerial>
      <species latinname="Homo sapiens" commonname="Human" ncbitaxon="9606" />
      <ethnicity><sample_ethnicity>Oriental</sample_ethnicity>
      <sample_ethnicity>Caucasoid</sample_ethnicity></ethnicity>
      <samples>
        <sample name="7550800303" />
        <sample name="APD" />
        <sample name="B4702" />
        <sample name="COX" />
        <sample name="LCL721" />
        <sample name="MOLT-4" />
        <sample name="PP" />
      </samples>
    </sourcematerial>
    <sequence />
  </allele>
  <allele id="HLA80014" name="HLA-A*99:99:08:01N" expandedname="A*99:99:08:01N" dateassigned="2019-08-30">
    <releaseversions firstreleased="1.0.0" lastupdated="1.0.0" currentrelease="3.99.1" releasestatus="Sequence unchanged" confirmed="Confirmed"/>
    <locus genesystem="HLA" locusname="HLA-A" hugogenename="HLA-A" class="I" />
    <cwd_catalogue cwd_status="Common" cwd_version="2.0.0" cwd_reference="http://doi.org/10.1111/tan.12093"/>
    <hla_g_group status="A*01:01:01G"/>
    <hla_p_group status="A*01:01P"/>
    <citations>
      <citation pubmed="3375250" authors="Parham P, Lomen CE, Lawlor DA, Ways JP, Holmes N, Coppin HL, Salter RD, Wan AM, Ennis PD" title="Nature of polymorphism in HLA-A, -B, and -C molecules" location="Proc Natl Acad Sci U S A 85:4005-9 (1988)." />
      <citation pubmed="2251137" authors="Girdlestone J" title="Nucleotide sequence of an HLA-A1 gene" location="Nucleic Acids Res 18:6701-6701 (1990)." />
      <citation pubmed="9349617" authors="Laforet M, Froelich N, Parissiadis A, Pfeiffer B, Schell A, Faller B, Woehl-Jaegle ML, Cazenave JP, Tongio MM" title="A nucleotide insertion in exon 4 is responsible for the absence of expression of an HLA-A*01 allele" location="Tissue Antigens 50:347-50 (1997)." />
      <citation pubmed="15140828" authors="Stewart CA, Horton R, Allcock RJ, Ashurst JL, Atrazhev AM, Coggill P, Dunham I, Forbes S, Halls K, Howson JM, Humphray SJ, Hunt S, Mungall AJ, Osoegawa K, Palmer S, Roberts AN, Rogers J, Sims S, Wang Y, Wilming LG, Elliott JF, de Jong PJ, Sawcer S, Todd JA, Trowsdale J, Beck S" title="Complete MHC haplotype sequencing for common disease gene mapping" location="Genome Res 14:1176-87 (2004)." />
      <citation pubmed="18193213" authors="Horton R, Gibson R, Coggill P, Miretti M, Allcok RJ, Almeida J, Forbes S, Gilbert JGR, Halls K, Harrow JL, Hart E, Howe K, Jackson DK, Palmer S, Roberts AN, Sims S, Stewart CA, Traherne JA, Trevanion S, Wilming L, Rogers J, de Jong PJ, Elliott JF, Sawcer S, Todd JA, Trowsdale J, Beck S" title="Variation analysis and gene annotation of eight MHC haplotypes: The MHC Haplotype Project" location="Immunogenetics 60:1-18 (2008)." />
      <citation pubmed="19735485" authors="Zhu F, He Y, Zhang W, He J, He J, Xu X, Yan L" title="Analysis of the complete genomic sequence of HLA-A alleles in the Chinese Han population." location="Int J Immunogenet 36:351-360 (2009)." />
      <citation pubmed="24673518" authors="Lu L, Xu YP" title="Genomic full-length sequence of two HLA-A alleles, A*01:01:01:01 and A*01:03, identified by cloning and sequencing." location="Tissue Antigens 83:423-424 (2014)." />
    </citations>
    <sourcexrefs>
      <xref acc="AJ278305" pid="CAB93537.1" />
      <xref acc="AL645935" />
      <xref acc="CR759913" pid="CAQ08202.1" />
      <xref acc="EU445470" pid="ACA34990.1" />
      <xref acc="GU812295" pid="ADE80886.1" />
      <xref acc="HG794373" />
      <xref acc="M24043" pid="AAA59652.1" />
      <xref acc="X55710" pid="CAA39243.1" />
      <xref acc="Z93949" pid="CAB07989.1" />
    </sourcexrefs>
    <sourcematerial>
      <species latinname="Homo sapiens" commonname="Human" ncbitaxon="9606" />
      <ethnicity><sample_ethnicity>Oriental</sample_ethnicity>
      <sample_ethnicity>Caucasoid</sample_ethnicity></ethnicity>
      <samples>
        <sample name="7550800303" />
        <sample name="APD" />
        <sample name="B4702" />
        <sample name="COX" />
        <sample name="LCL721" />
        <sample name="MOLT-4" />
        <sample name="PP" />
      </samples>
    </sourcematerial>
    <sequence />
  </allele>
  <allele id="HLA80015" name="HLA-A*99:99:09:01" expandedname="A*99:99:09:01" dateassigned="2019-08-30">
    <releaseversions firstreleased="1.0.0" lastupdated="1.0.0" currentrelease="3.99.1" releasestatus="Sequence unchanged" confirmed="Confirmed"/>
    <locus genesystem="HLA" locusname="HLA-A" hugogenename="HLA-A" class="I" />
    <cwd_catalogue cwd_status="Common" cwd_version="2.0.0" cwd_reference="http://doi.org/10.1111/tan.12093"/>
    <hla_g_group status="A*01:01:01G"/>
    <hla_p_group status="A*01:01P"/>
    <citations>
      <citation pubmed="3375250" authors="Parham P, Lomen CE, Lawlor DA, Ways JP, Holmes N, Coppin HL, Salter RD, Wan AM, Ennis PD" title="Nature of polymorphism in HLA-A, -B, and -C molecules" location="Proc Natl Acad Sci U S A 85:4005-9 (1988)." />
      <citation pubmed="2251137" authors="Girdlestone J" title="Nucleotide sequence of an HLA-A1 gene" location="Nucleic Acids Res 18:6701-6701 (1990)." />
      <citation pubmed="9349617" authors="Laforet M, Froelich N, Parissiadis A, Pfeiffer B, Schell A, Faller B, Woehl-Jaegle ML, Cazenave JP, Tongio MM" title="A nucleotide insertion in exon 4 is responsible for the absence of expression of an HLA-A*01 allele" location="Tissue Antigens 50:347-50 (1997)." />
      <citation pubmed="15140828" authors="Stewart CA, Horton R, Allcock RJ, Ashurst JL, Atrazhev AM, Coggill P, Dunham I, Forbes S, Halls K, Howson JM, Humphray SJ, Hunt S, Mungall AJ, Osoegawa K, Palmer S, Roberts AN, Rogers J, Sims S, Wang Y, Wilming LG, Elliott JF, de Jong PJ, Sawcer S, Todd JA, Trowsdale J, Beck S" title="Complete MHC haplotype sequencing for common disease gene mapping" location="Genome Res 14:1176-87 (2004)." />
      <citation pubmed="18193213" authors="Horton R, Gibson R, Coggill P, Miretti M, Allcok RJ, Almeida J, Forbes S, Gilbert JGR, Halls K, Harrow JL, Hart E, Howe K, Jackson DK, Palmer S, Roberts AN, Sims S, Stewart CA, Traherne JA, Trevanion S, Wilming L, Rogers J, de Jong PJ, Elliott JF, Sawcer S, Todd JA, Trowsdale J, Beck S" title="Variation analysis and gene annotation of eight MHC haplotypes: The MHC Haplotype Project" location="Immunogenetics 60:1-18 (2008)." />
      <citation pubmed="19735485" authors="Zhu F, He Y, Zhang W, He J, He J, Xu X, Yan L" title="Analysis of the complete genomic sequence of HLA-A alleles in the Chinese Han population." location="Int J Immunogenet 36:351-360 (2009)." />
      <citation pubmed="24673518" authors="Lu L, Xu YP" title="Genomic full-length sequence of two HLA-A alleles, A*01:01:01:01 and A*01:03, identified by cloning and sequencing." location="Tissue Antigens 83:423-424 (2014)." />
    </citations>
    <sourcexrefs>
      <xref acc="AJ278305" pid="CAB93537.1" />
      <xref acc="AL645935" />
      <xref acc="CR759913" pid="CAQ08202.1" />
      <xref acc="EU445470" pid="ACA34990.1" />
      <xref acc="GU812295" pid="ADE80886.1" />
      <xref acc="HG794373" />
      <xref acc="M24043" pid="AAA59652.1" />
      <xref acc="X55710" pid="CAA39243.1" />
      <xref acc="Z93949" pid="CAB07989.1" />
    </sourcexrefs>
    <sourcematerial>
      <species latinname="Homo sapiens" commonname="Human" ncbitaxon="9606" />
      <ethnicity><sample_ethnicity>Oriental</sample_ethnicity>
      <sample_ethnicity>Caucasoid</sample_ethnicity></ethnicity>
      <samples>
        <sample name="7550800303" />
        <sample name="APD" />
        <sample name="B4702" />
        <sample name="COX" />
        <sample name="LCL721" />
        <sample name="MOLT-4" />
        <sample name="PP" />
      </samples>
    </sourcematerial>
    <sequence />
  </allele>
</alleles>